Adwaita:gnome/48x48/places/folder.png
gnome:gnome/48x48/places/folder.png
hicolor:gnome/48x48/places/folder.png
HighContrast:HighContrast/48x48/places/folder.png
Humanity:Humanity/places/48/folder.svg
Humanity-Dark:Humanity/places/48/folder.svg
LoginIcons:Humanity/places/48/folder.svg
Mint-X:Mint-X/places/48/folder.svg
Mint-X-Aqua:Mint-X-Aqua/places/48/folder.svg
Mint-X-Blue:Mint-X-Blue/places/48/folder.svg
Mint-X-Brown:Mint-X-Brown/places/48/folder.svg
Mint-X-Dark:Mint-X/places/48/folder.svg
Mint-X-Grey:Mint-X-Grey/places/48/folder.svg
Mint-X-Orange:Mint-X-Orange/places/48/folder.svg
Mint-X-Pink:Mint-X-Pink/places/48/folder.svg
Mint-X-Purple:Mint-X-Purple/places/48/folder.svg
Mint-X-Red:Mint-X-Red/places/48/folder.svg
Mint-X-Sand:Mint-X-Sand/places/48/folder.svg
Mint-X-Teal:Mint-X-Teal/places/48/folder.svg
Mint-X-Yellow:Mint-X-Yellow/places/48/folder.svg
Mint-Y:Mint-Y/places/48/folder.png
Mint-Y-Aqua:Mint-Y-Aqua/places/48/folder.png
Mint-Y-Blue:Mint-Y-Blue/places/48/folder.png
Mint-Y-Brown:Mint-Y-Brown/places/48/folder.png
Mint-Y-Dark:Mint-Y/places/48/folder.png
Mint-Y-Dark-Aqua:Mint-Y-Dark-Aqua/places/48/folder.png
Mint-Y-Dark-Blue:Mint-Y-Dark-Blue/places/48/folder.png
Mint-Y-Dark-Brown:Mint-Y-Dark-Brown/places/48/folder.png
Mint-Y-Dark-Grey:Mint-Y-Dark-Grey/places/48/folder.png
Mint-Y-Dark-Orange:Mint-Y-Dark-Orange/places/48/folder.png
Mint-Y-Dark-Pink:Mint-Y-Dark-Pink/places/48/folder.png
Mint-Y-Dark-Purple:Mint-Y-Dark-Purple/places/48/folder.png
Mint-Y-Dark-Red:Mint-Y-Dark-Red/places/48/folder.png
Mint-Y-Dark-Sand:Mint-Y-Dark-Sand/places/48/folder.png
Mint-Y-Dark-Teal:Mint-Y-Dark-Teal/places/48/folder.png
Mint-Y-Grey:Mint-Y-Grey/places/48/folder.png
Mint-Y-Orange:Mint-Y-Orange/places/48/folder.png
Mint-Y-Pink:Mint-Y-Pink/places/48/folder.png
Mint-Y-Purple:Mint-Y-Purple/places/48/folder.png
Mint-Y-Red:Mint-Y-Red/places/48/folder.png
Mint-Y-Sand:Mint-Y-Sand/places/48/folder.png
Mint-Y-Teal:Mint-Y-Teal/places/48/folder.png
ubuntu-mono-dark:Humanity/places/48/folder.svg
ubuntu-mono-light:Humanity/places/48/folder.svg
a-candy-beauty-icon-theme:a-candy-beauty-icon-theme/places/48/folder.svg
AdwaitaLegacy:AdwaitaLegacy/48x48/places/folder.png
al-beautyline:al-beautyline/places/48/folder.svg
al-candy-icons:al-candy-icons/places/48/folder.svg
Surfn:Surfn/48/places/folder.svg
Surfn-Arc:Surfn-Arc/places/48/folder.png
Surfn-Arch-Blue:Surfn-Arch-Blue/48x48/places/folder.svg
Surfn-Arched:Surfn-Arched/places/48/folder.png
Surfn-Breeze-Arc:Surfn-Breeze-Arc/48/places/folder.png
Surfn-Breeze-Dark:Surfn-Breeze-Dark/48x48/places/folder.svg
Surfn-Dracul:Surfn-Dracul/scalable/places/folder.svg
Surfn-Luv:Surfn-Luv/scalable/places/folder.svg
Surfn-Luv-Red:Surfn-Luv-Red/scalable/places/folder.svg
Surfn-Majestic:Surfn-Majestic/48x48/places/folder.svg
Surfn-Mint-X-Grey:Surfn-Mint-X-Grey/scalable/places/48/folder.svg
Surfn-Numix:Surfn-Numix/scalable/places/folder.svg
Surfn-Numix-Misty:Surfn-Numix-Misty/scalable/places/folder.svg
Surfn-Numix-Polo:Surfn-Numix-Polo/scalable/places/folder.svg
Surfn-Numixs:Surfn-Numixs/scalable/places/folder.svg
Surfn-Orange:Surfn-Orange/48x48/places/folder.svg
Surfn-Papirus-Blue:Surfn-Papirus-Blue/scalable/places/folder.svg
Surfn-Papirus-Casablanca:Surfn-Papirus-Casablanca/scalable/places/folder.svg
Surfn-Papirus-Grey:Surfn-Papirus-Grey/scalable/places/folder.svg
Surfn-Qogir:Surfn-Qogir/48/places/folder.svg
Surfn-Tela:Surfn-Tela/scalable/places/folder.svg
Surfn-Vertexed:Surfn-Vertexed/places/48/folder.svg
Surfn-Vimix-Black:Surfn-Vimix-Black/scalable/places/folder.svg
